"team_id";"short";"team_name";"home_ground"
1;"RR";"Rajasthan Royals";"Sawai Mansingh Stadium, Jaipur"
2;"RCB";"Royal Challengers Bangalore";"M. Chinnaswamy Stadium, Bengaluru"
3;"SRH";"Sunrisers Hyderabad";"Rajiv Gandhi International Cricket Stadium, Hyderabad"
4;"DC";"Delhi Capitals";"Arun Jaitley Stadium, Delhi"
5;"CSK";"Chennai Super Kings";"M. A. Chidambaram Stadium, Chennai"
6;"GT";"Gujarat Titans";"Sardar Patel Stadium, Ahmedabad"
7;"LSG";"Lucknow Super Giants";"Atal Bihari Vajpayee Ekana Cricket Stadium, Lucknow"
8;"KKR";"Kolkata Knight Riders";"Eden Gardens, Kolkata"
9;"KXIP";"Punjab Kings";"Punjab Cricket Association Stadium, Mohali"
10;"MI";"Mumbai Indians";"Wankhede Stadium, Mumbai"
11;"RPS";"Rising Pune Supergiants";"Maharashtra Cricket Association Stadium, Pune"
12;"GL";"Gujarat Lions";"Saurashtra Cricket Association Stadium, Rajkot"
13;"PWI";"Pune Warriors";"Maharashtra Cricket Association Stadium, Pune"
14;"DEC";"Deccan Chargers";"Rajiv Gandhi International Cricket Stadium, Hyderabad"
15;"KTK";"Kochi Tuskers Kerala";"Jawaharlal Nehru International Stadium, Kochi"
